{"data":[{"xs":{"x":43,"y":61},"ys":{"frequency":440}},{"xs":{"x":67,"y":68},"ys":{"frequency":440}},{"xs":{"x":69,"y":81},"ys":{"frequency":440}},{"xs":{"x":69,"y":142},"ys":{"frequency":440}},{"xs":{"x":76,"y":88},"ys":{"frequency":440}},{"xs":{"x":76,"y":138},"ys":{"frequency":440}},{"xs":{"x":54,"y":98},"ys":{"frequency":440}},{"xs":{"x":63,"y":144},"ys":{"frequency":440}},{"xs":{"x":36,"y":68},"ys":{"frequency":440}},{"xs":{"x":31,"y":107},"ys":{"frequency":440}},{"xs":{"x":50,"y":145},"ys":{"frequency":440}},{"xs":{"x":84,"y":104},"ys":{"frequency":440}},{"xs":{"x":69,"y":198},"ys":{"frequency":440}},{"xs":{"x":17,"y":131},"ys":{"frequency":440}},{"xs":{"x":43,"y":144},"ys":{"frequency":440}},{"xs":{"x":50,"y":226},"ys":{"frequency":440}},{"xs":{"x":50,"y":183},"ys":{"frequency":440}},{"xs":{"x":30,"y":292},"ys":{"frequency":493.8833}},{"xs":{"x":31,"y":332},"ys":{"frequency":493.8833}},{"xs":{"x":33,"y":370},"ys":{"frequency":493.8833}},{"xs":{"x":51,"y":358},"ys":{"frequency":493.8833}},{"xs":{"x":70,"y":385},"ys":{"frequency":493.8833}},{"xs":{"x":76,"y":324},"ys":{"frequency":493.8833}},{"xs":{"x":42,"y":288},"ys":{"frequency":493.8833}},{"xs":{"x":55,"y":327},"ys":{"frequency":493.8833}},{"xs":{"x":79,"y":341},"ys":{"frequency":493.8833}},{"xs":{"x":85,"y":366},"ys":{"frequency":493.8833}},{"xs":{"x":133,"y":366},"ys":{"frequency":493.8833}},{"xs":{"x":123,"y":344},"ys":{"frequency":493.8833}},{"xs":{"x":113,"y":305},"ys":{"frequency":493.8833}},{"xs":{"x":64,"y":277},"ys":{"frequency":493.8833}},{"xs":{"x":82,"y":305},"ys":{"frequency":493.8833}},{"xs":{"x":205,"y":81},"ys":{"frequency":261.6256}},{"xs":{"x":175,"y":87},"ys":{"frequency":261.6256}},{"xs":{"x":163,"y":60},"ys":{"frequency":261.6256}},{"xs":{"x":250,"y":60},"ys":{"frequency":261.6256}},{"xs":{"x":273,"y":115},"ys":{"frequency":261.6256}},{"xs":{"x":211,"y":127},"ys":{"frequency":261.6256}},{"xs":{"x":236,"y":87},"ys":{"frequency":261.6256}},{"xs":{"x":236,"y":134},"ys":{"frequency":261.6256}},{"xs":{"x":238,"y":151},"ys":{"frequency":261.6256}},{"xs":{"x":257,"y":155},"ys":{"frequency":261.6256}},{"xs":{"x":312,"y":150},"ys":{"frequency":261.6256}},{"xs":{"x":312,"y":228},"ys":{"frequency":261.6256}},{"xs":{"x":290,"y":173},"ys":{"frequency":261.6256}},{"xs":{"x":224,"y":197},"ys":{"frequency":261.6256}},{"xs":{"x":193,"y":153},"ys":{"frequency":261.6256}},{"xs":{"x":243,"y":286},"ys":{"frequency":293.6648}},{"xs":{"x":160,"y":245},"ys":{"frequency":293.6648}},{"xs":{"x":197,"y":258},"ys":{"frequency":293.6648}},{"xs":{"x":199,"y":280},"ys":{"frequency":293.6648}},{"xs":{"x":175,"y":269},"ys":{"frequency":293.6648}},{"xs":{"x":192,"y":328},"ys":{"frequency":293.6648}},{"xs":{"x":226,"y":306},"ys":{"frequency":293.6648}},{"xs":{"x":206,"y":301},"ys":{"frequency":293.6648}},{"xs":{"x":231,"y":347},"ys":{"frequency":293.6648}},{"xs":{"x":236,"y":309},"ys":{"frequency":293.6648}},{"xs":{"x":253,"y":324},"ys":{"frequency":293.6648}},{"xs":{"x":353,"y":260},"ys":{"frequency":329.6276}},{"xs":{"x":353,"y":303},"ys":{"frequency":329.6276}},{"xs":{"x":354,"y":348},"ys":{"frequency":329.6276}},{"xs":{"x":354,"y":325},"ys":{"frequency":329.6276}},{"xs":{"x":374,"y":325},"ys":{"frequency":329.6276}},{"xs":{"x":368,"y":356},"ys":{"frequency":329.6276}},{"xs":{"x":333,"y":382},"ys":{"frequency":329.6276}},{"xs":{"x":328,"y":322},"ys":{"frequency":329.6276}},{"xs":{"x":331,"y":266},"ys":{"frequency":329.6276}},{"xs":{"x":352,"y":269},"ys":{"frequency":329.6276}},{"xs":{"x":348,"y":23},"ys":{"frequency":349.2282}},{"xs":{"x":348,"y":71},"ys":{"frequency":349.2282}},{"xs":{"x":354,"y":38},"ys":{"frequency":349.2282}},{"xs":{"x":354,"y":47},"ys":{"frequency":349.2282}},{"xs":{"x":354,"y":48},"ys":{"frequency":349.2282}},{"xs":{"x":354,"y":96},"ys":{"frequency":349.2282}},{"xs":{"x":370,"y":117},"ys":{"frequency":349.2282}},{"xs":{"x":350,"y":145},"ys":{"frequency":349.2282}},{"xs":{"x":362,"y":127},"ys":{"frequency":349.2282}},{"xs":{"x":349,"y":83},"ys":{"frequency":349.2282}},{"xs":{"x":354,"y":83},"ys":{"frequency":349.2282}},{"xs":{"x":370,"y":83},"ys":{"frequency":349.2282}},{"xs":{"x":373,"y":110},"ys":{"frequency":349.2282}}]}